type,prix,adresse,image
Djallaba enfant,8 500,"Fass, Dakar, Sénégal",https://images.coinafrique.com/thumb_5700235_uploaded_image1_1767387346.jpg
Blouson pour enfants original,8 500,"Colobane, Dakar, Sénégal",https://images.coinafrique.com/thumb_5688318_uploaded_image1_1766596541.jpg
Ensemble blouson bébé et enfant,Prix sur demande,"Dakar, Sénégal",https://images.coinafrique.com/thumb_5695010_uploaded_image1_1767029706.jpg
Friperie enfants ,3 000,"Colobane, Dakar, Sénégal",https://images.coinafrique.com/thumb_5693218_uploaded_image1_1766931703.jpg
Pantalon pour enfants original,8 000,"Colobane, Dakar, Sénégal",https://images.coinafrique.com/thumb_5636849_uploaded_image1_1763913455.jpg
Emsemble coton pour enfants,7 000,"Colobane, Dakar, Sénégal",https://images.coinafrique.com/thumb_5636847_uploaded_image1_1763913261.jpg
Pulls et sweat-shirt enfants 4 ans,1 500,"Yoff, Dakar, Sénégal",https://images.coinafrique.com/thumb_5677797_uploaded_image1_1766001882.jpg
3 bavoirs bandana,10 000,"Sicap Liberté, Dakar, Sénégal",https://images.coinafrique.com/thumb_5664243_uploaded_image1_1765306309.jpg
Blousons enfants,15 000,"Dakar Plateau, Dakar, Sénégal",https://images.coinafrique.com/thumb_5662807_uploaded_image1_1765242466.jpg
Robe brodée ,6 000,"Pikine, Sénégal",https://images.coinafrique.com/thumb_5657323_uploaded_image1_1764934741.jpg
Robe lin,6 000,"Pikine, Sénégal",https://images.coinafrique.com/thumb_5657317_uploaded_image1_1764934579.jpg
Robe,7 000,"Pikine, Sénégal",https://images.coinafrique.com/thumb_5657313_uploaded_image1_1764934382.jpg
Sous vêtements ,Prix sur demande,"Colobane, Dakar, Sénégal",https://images.coinafrique.com/thumb_5550798_uploaded_image1_1759251038.jpg
Ensemble coton pour enfants de 3ans 7ans,4 000,"Colobane, Dakar, Sénégal",https://images.coinafrique.com/thumb_5549301_uploaded_image1_1759186593.jpg
Lacoste coton pour enfants de 3ans à 16ans,3 500,"Colobane, Dakar, Sénégal",https://images.coinafrique.com/thumb_5549305_uploaded_image1_1759186714.jpg
Pantalon jeans ,Prix sur demande,"Colobane, Dakar, Sénégal",https://images.coinafrique.com/thumb_5532285_uploaded_image1_1758208106.jpg
Lacoste coton pour enfants,Prix sur demande,"Colobane, Dakar, Sénégal",https://images.coinafrique.com/thumb_5532289_uploaded_image1_1758208206.jpg
Vêtements enfants ,Prix sur demande,"Colobane, Dakar, Sénégal",https://images.coinafrique.com/thumb_5532267_uploaded_image1_1758207469.jpg
Pantalon pour enfants,Prix sur demande,"Colobane, Dakar, Sénégal",https://images.coinafrique.com/thumb_5532277_uploaded_image1_1758207853.jpg
Short enfants ,6 000,"Colobane, Dakar, Sénégal",https://images.coinafrique.com/thumb_5532259_uploaded_image1_1758207295.jpg
Ensemble dêbadeur enfants,2 500,"Colobane, Dakar, Sénégal",https://images.coinafrique.com/thumb_5524248_uploaded_image1_1757797576.jpg
Ensemble costume pour enfants,35 000,"Dakar, Sénégal",https://images.coinafrique.com/thumb_5528024_uploaded_image1_1758018544.jpg
Pantalon  enfant ,100 000 000,"Colobane, Dakar, Sénégal",https://images.coinafrique.com/thumb_5528006_uploaded_image1_1758017811.jpg
Friperie enfants,Prix sur demande,"Colobane, Dakar, Sénégal",https://images.coinafrique.com/thumb_5528003_uploaded_image1_1758017605.jpg
Ensembles lacost pour garçon ,3 000,"Mbao, Dakar, Sénégal",https://images.coinafrique.com/thumb_5524048_uploaded_image1_1757787175.jpg
Vêtements pour enfants,3 500,"Mbao, Dakar, Sénégal",https://images.coinafrique.com/thumb_5520989_uploaded_image1_1757622885.jpg
Vêtements pour enfants,4 000,"Mbao, Dakar, Sénégal",https://images.coinafrique.com/thumb_5520983_uploaded_image1_1757622690.jpg
Vêtements pour enfants,3 500,"Mbao, Dakar, Sénégal",https://images.coinafrique.com/thumb_5520979_uploaded_image1_1757622379.jpg
Vêtements pour enfants,3 500,"Mbao, Dakar, Sénégal",https://images.coinafrique.com/thumb_5520806_uploaded_image1_1757613666.jpg
Ensemble bas-large,6 000,"Medina, Dakar, Sénégal",https://images.coinafrique.com/thumb_5478990_uploaded_image1_1755394245.jpg
Robe nuafna mélange géginer,10 000,"Fass, Dakar, Sénégal",https://images.coinafrique.com/thumb_5427239_uploaded_image1_1752708596.jpg
Vêtements d'été pour fille,3 500,"Mbao, Dakar, Sénégal",https://images.coinafrique.com/thumb_5428559_uploaded_image1_1752775679.jpg
Djalabé pour enfants,10 000,"Colobane, Dakar, Sénégal",https://images.coinafrique.com/thumb_5374426_uploaded_image1_1749913743.jpg
Vêtements enfants,3 500,"Sicap Liberté, Dakar, Sénégal",https://images.coinafrique.com/thumb_5411543_uploaded_image1_1751909046.jpg
Ensemble pour jeune fille,10 000,"Dakar, Sénégal",https://images.coinafrique.com/thumb_5365674_uploaded_image1_1749416491.jpg
Robe enfant,7 000,"Dakar, Sénégal",https://images.coinafrique.com/thumb_5364583_uploaded_image1_1749330317.jpg
Robe enfant ,8 000,"Dakar, Sénégal",https://images.coinafrique.com/thumb_5364552_uploaded_image1_1749328164.jpg
Ensemble short enfant,8 000,"Dakar, Sénégal",https://images.coinafrique.com/thumb_5364545_uploaded_image1_1749327684.jpg
Robe pour enfants,7 000,"Colobane, Dakar, Sénégal",https://images.coinafrique.com/thumb_5344465_uploaded_image1_1748167330.jpg
Robe ,10 000,"Colobane, Dakar, Sénégal",https://images.coinafrique.com/thumb_5344473_uploaded_image1_1748167713.jpg
Polo Lacoste pour enfants,4 000,"Colobane, Dakar, Sénégal",https://images.coinafrique.com/thumb_5344468_uploaded_image1_1748167535.jpg
Emsemble pour enfants 3 pièces,8 000,"Colobane, Dakar, Sénégal",https://images.coinafrique.com/thumb_5344462_uploaded_image1_1748167236.jpg
Ensemble pour enfants de 1ans à 3ans,7 000,"Colobane, Dakar, Sénégal",https://images.coinafrique.com/thumb_5342641_uploaded_image1_1748035425.jpg
Ensemble pour enfants de 2ans a 6ans coton,7 000,"Colobane, Dakar, Sénégal",https://images.coinafrique.com/thumb_5342650_uploaded_image1_1748035854.jpg
Ensemble pour enfants de 2ans a 12ans,7 000,"Colobane, Dakar, Sénégal",https://images.coinafrique.com/thumb_5342643_uploaded_image1_1748035562.jpg
Ensemble pour enfants de 3ans jusqu'à 8ans,7 000,"Colobane, Dakar, Sénégal",https://images.coinafrique.com/thumb_5342638_uploaded_image1_1748035029.jpg
Ensemble pour enfants 6mois à 4ans,4 000,"Colobane, Dakar, Sénégal",https://images.coinafrique.com/thumb_5342633_uploaded_image1_1748034778.jpg
Ensemble pour enfants coton,7 000,"Colobane, Dakar, Sénégal",https://images.coinafrique.com/thumb_5342628_uploaded_image1_1748034550.jpg
Survêtement coton pour enfants ,1 500,"Colobane, Dakar, Sénégal",https://images.coinafrique.com/thumb_5342624_uploaded_image1_1748034284.jpg
Ensemble bébé,Prix sur demande,"HLM, Dakar, Sénégal",https://images.coinafrique.com/thumb_5385373_uploaded_image1_1750509886.51.jpeg
Ensemble enfant,Prix sur demande,"HLM, Dakar, Sénégal",https://images.coinafrique.com/thumb_5385364_uploaded_image1_1750509649.41.jpeg
Ensemble pour bébé,Prix sur demande,"HLM, Dakar, Sénégal",https://images.coinafrique.com/thumb_5385356_uploaded_image1_1750509151.08.jpeg
Habillement enfant,4 000,"HLM, Dakar, Sénégal",https://images.coinafrique.com/thumb_5385294_uploaded_image1_1750506744.37.jpeg
Ensemble pour enfants ,8 000,"Colobane, Dakar, Sénégal",https://images.coinafrique.com/thumb_5328806_uploaded_image1_1747290315.jpg
Robe enfant ,Prix sur demande,"Ouakam, Dakar, Sénégal",https://images.coinafrique.com/thumb_5336896_uploaded_image1_1747744426.jpg
Emsemble coton ,7 000,"Colobane, Dakar, Sénégal",https://images.coinafrique.com/thumb_5290112_uploaded_image1_1745150419.jpg
Emsemble  Coton ,6 000,"Colobane, Dakar, Sénégal",https://images.coinafrique.com/thumb_5289213_uploaded_image1_1745070585.jpg
Vetements et accéssoires pour bébé,Prix sur demande,"Colobane, Dakar, Sénégal",https://images.coinafrique.com/thumb_5281282_uploaded_image1_1744639610.jpg
Gamme et vetement pour bébé,Prix sur demande,"Colobane, Dakar, Sénégal",https://images.coinafrique.com/thumb_5281278_uploaded_image1_1744639447.jpg
Brassière kids,3 000,"Dakar, Sénégal",https://images.coinafrique.com/thumb_5321500_uploaded_image1_1746889004.jpg
Vetement enfant ,Prix sur demande,"Dakar, Sénégal",https://images.coinafrique.com/thumb_5312820_uploaded_image1_1746452801.jpg
Ensemble pour enfants,6 000,"Diamalaye 1, Dakar, Sénégal",https://images.coinafrique.com/thumb_5309005_uploaded_image1_1746217976.jpg
Ensemble enfants,6 000,"Diamalaye 1, Dakar, Sénégal",https://images.coinafrique.com/thumb_5309001_uploaded_image1_1746217790.jpg
Ensemble pour enfants,6 000,"Diamalaye 1, Dakar, Sénégal",https://images.coinafrique.com/thumb_5308995_uploaded_image1_1746217632.jpg
Chemise enfants ,15 000,"Fass, Dakar, Sénégal",https://images.coinafrique.com/thumb_5263591_uploaded_image1_1743688903.jpg
Abaya pour Anfna ,10 000,"Fass, Dakar, Sénégal",https://images.coinafrique.com/thumb_5263587_uploaded_image1_1743688774.jpg
Djalaba ,7 500,"Fass, Dakar, Sénégal",https://images.coinafrique.com/thumb_5257015_uploaded_image1_1743325512.jpg
Sous vetement enfant,1 000,"Fass, Dakar, Sénégal",https://images.coinafrique.com/thumb_5256504_uploaded_image1_1743272005.jpg
Robe Afne,15 000,"Fass, Dakar, Sénégal",https://images.coinafrique.com/thumb_5243665_uploaded_image1_1742560242.jpg
Robes enfant ,Prix sur demande,"Fass, Dakar, Sénégal",https://images.coinafrique.com/thumb_5283049_uploaded_image1_1744729140.jpg
Robes enfant,Prix sur demande,"Fass, Dakar, Sénégal",https://images.coinafrique.com/thumb_5283005_uploaded_image1_1744727750.jpg
Dialaba  2 pièces,7 000,"Colobane, Dakar, Sénégal",https://images.coinafrique.com/thumb_5233364_uploaded_image1_1742035732.jpg
Dialab,15 000,"Colobane, Dakar, Sénégal",https://images.coinafrique.com/thumb_5228687_uploaded_image1_1741791237.jpg
Dialab 3 pièces  3ans jusqua 16ans,12 000,"Colobane, Dakar, Sénégal",https://images.coinafrique.com/thumb_5228280_uploaded_image1_1741779191.jpg
Dialab pour enfant de 1ans jusqua 16ans    ,10 000,"Colobane, Dakar, Sénégal",https://images.coinafrique.com/thumb_5227274_uploaded_image1_1741722024.jpg
Dialab enfant 3pièces ,12 000,"Colobane, Dakar, Sénégal",https://images.coinafrique.com/thumb_5227233_uploaded_image1_1741720597.jpg
Ensemble dialab enfants 3pièces ,15 000,"Colobane, Dakar, Sénégal",https://images.coinafrique.com/thumb_5214607_uploaded_image1_1741112466.jpg
Ensemble dialab pour enfant de 3ans jusqua 16ans,7 000,"Colobane, Dakar, Sénégal",https://images.coinafrique.com/thumb_5214582_uploaded_image1_1741111696.jpg
Dialab pour enfant,7 000,"Colobane, Dakar, Sénégal",https://images.coinafrique.com/thumb_5214595_uploaded_image1_1741112064.jpg
Robe Iris enfant,15 000,"Ngor, Dakar, Sénégal",https://images.coinafrique.com/thumb_5204766_uploaded_image1_1740600489.jpg
Jalaba  pour enfants,15 000,"Parcelle Assainies, Dakar, Sénégal",https://images.coinafrique.com/thumb_5246903_uploaded_image1_1742748145.jpg
Jalaba  pour enfants,7 000,"Parcelle Assainies, Dakar, Sénégal",https://images.coinafrique.com/thumb_5246901_uploaded_image2_1742748053.jpeg
Maillots enfants,10 000,"Dieuppeul-Derklé, Dakar, Sénégal",https://images.coinafrique.com/thumb_5246062_uploaded_image1_1742692008.jpg
Robe de prière  enfant,5 000,"Sicap Liberté, Dakar, Sénégal",https://images.coinafrique.com/thumb_5241328_uploaded_image1_1742452229.jpg
Vetement  enfants,8 500,"Fass, Dakar, Sénégal",https://images.coinafrique.com/thumb_5193655_uploaded_image1_1739987145.jpg
Robe enfant,Prix sur demande,"Ouakam, Dakar, Sénégal",https://images.coinafrique.com/thumb_5225588_uploaded_image1_1741658299.jpg
Robe enfant,Prix sur demande,"Ouakam, Dakar, Sénégal",https://images.coinafrique.com/thumb_5225585_uploaded_image1_1741658034.jpg
Robe enfant,Prix sur demande,"Ouakam, Dakar, Sénégal",https://images.coinafrique.com/thumb_5225584_uploaded_image1_1741657625.jpg
Djialap pour enfant de 4ans jusqua 18ans ,6 500,"Colobane, Dakar, Sénégal",https://images.coinafrique.com/thumb_5181431_uploaded_image1_1739304816.jpg
Dialabé enfant ,10 000,"Fass, Dakar, Sénégal",https://images.coinafrique.com/thumb_5181204_uploaded_image1_1739296973.jpg
Djialabé enfant ,8 000,"Parcelle Assainies, Dakar, Sénégal",https://images.coinafrique.com/thumb_5196620_uploaded_image1_1740145128.jpg
Ensemble mardi gras,8 000,"Dakar Plateau, Dakar, Sénégal",https://images.coinafrique.com/thumb_5171755_uploaded_image1_1738776386.jpg
Ensemble pour enfant de 1ans jusqua 15ans,7 000,"Colobane, Dakar, Sénégal",https://images.coinafrique.com/thumb_5116396_uploaded_image1_1735846707.jpg
Vêtement enfant,1 000,"Sicap foire, Dakar, Sénégal",https://images.coinafrique.com/thumb_5141487_uploaded_image1_1737219569.jpg
Vêtements enfants,4 500,"Mbao, Dakar, Sénégal",https://images.coinafrique.com/thumb_5130020_uploaded_image1_1736594996.jpg
Vêtements enfants,4 500,"Mbao, Dakar, Sénégal",https://images.coinafrique.com/thumb_5129146_uploaded_image1_1736533355.jpg
Genouillère anti-dérapante en coton,Prix sur demande,"Mermoz-Sacré Coeur, Dakar, Sénégal",https://images.coinafrique.com/thumb_5120586_uploaded_image1_1736107643.jpg
Ensemble pour enfant,8 000,"Colobane, Dakar, Sénégal",https://images.coinafrique.com/thumb_5071417_uploaded_image1_1733140647.jpg
Vêtements bébé ,1 000,"Colobane, Dakar, Sénégal",https://images.coinafrique.com/thumb_5106688_uploaded_image1_1735128985.jpg
Vêtements bébé,1 000,"Colobane, Dakar, Sénégal",https://images.coinafrique.com/thumb_5106673_uploaded_image1_1735128585.jpg
Vêtements bébé ,1 000,"Colobane, Dakar, Sénégal",https://images.coinafrique.com/thumb_5106669_uploaded_image1_1735128475.jpg
Vêtements bébé ,1 000,"Colobane, Dakar, Sénégal",https://images.coinafrique.com/thumb_5106661_uploaded_image1_1735128299.jpg
Blouson pour enfant,8 000,"Colobane, Dakar, Sénégal",https://images.coinafrique.com/thumb_5058990_uploaded_image1_1732437877.jpg
Blouson pour enfants 100% coton 3 ans 9ans ,8 000,"Colobane, Dakar, Sénégal",https://images.coinafrique.com/thumb_5046861_uploaded_image1_1731758020.jpg
Blouson  pour enfants 3ans à 10ans,8 000,"Ouest Foire, Dakar, Sénégal",https://images.coinafrique.com/thumb_5046278_uploaded_image1_1731706267.jpg
Blouson coton pour enfants de 1ans 8ans,8 000,"Ouest Foire, Dakar, Sénégal",https://images.coinafrique.com/thumb_5046169_uploaded_image1_1731701583.jpg
Blouson pour enfants 4ans à 15ans,8 000,"Ouest Foire, Dakar, Sénégal",https://images.coinafrique.com/thumb_5046164_uploaded_image1_1731701239.jpg
Blouson pour enfants de 4ans à 12ans,8 000,"Ouest Foire, Dakar, Sénégal",https://images.coinafrique.com/thumb_5046160_uploaded_image1_1731700970.jpg
Blouson pour enfants 1ans 5 ans,5 000,"Ouest Foire, Dakar, Sénégal",https://images.coinafrique.com/thumb_5046156_uploaded_image1_1731700664.jpg
Blouson pour enfants 3 ans à 8 ans ,8 000,"Ouest Foire, Dakar, Sénégal",https://images.coinafrique.com/thumb_5045455_uploaded_image1_1731673153.jpg
Ensemble Pul Enfants ,18 000,"Dakar, Sénégal",https://images.coinafrique.com/thumb_5081973_uploaded_image1_1733664739.jpg
Ensemble costumes enfants,25 000,"Dakar, Sénégal",https://images.coinafrique.com/thumb_5081958_uploaded_image1_1733664149.jpg
Ensemble pour enfant cotton,6 000,"Colobane, Dakar, Sénégal",https://images.coinafrique.com/thumb_5028888_uploaded_image1_1730844775.jpg
Maillots enfants sénégal,10 000,"Dakar Plateau, Dakar, Sénégal",https://images.coinafrique.com/thumb_5054255_uploaded_image2_1732155894.jpeg
Pantalon pour enfant 14ans 15ans,4 000,"Colobane, Dakar, Sénégal",https://images.coinafrique.com/thumb_4976513_uploaded_image1_1728030461.jpg
Lot pyjamas enfant 6/8 ans,11 000,"Almadies, Dakar, Sénégal",https://images.coinafrique.com/thumb_5014321_uploaded_image1_1730104437.jpg
Ensemble veste garçon 5 pièces,28 000,"Dakar, Sénégal",https://images.coinafrique.com/thumb_5010327_uploaded_image1_1729813849.jpg
Costume enfant,28 000,"Dakar, Sénégal",https://images.coinafrique.com/thumb_5010301_uploaded_image1_1729811616.jpg
Vêtements   pour enfant,10 000,"Colobane, Dakar, Sénégal",https://images.coinafrique.com/thumb_4961200_uploaded_image1_1727261868.jpg
Ensemble pour enfant,10 000,"Colobane, Dakar, Sénégal",https://images.coinafrique.com/thumb_4961210_uploaded_image1_1727262074.jpg
Robes de fête ,Prix sur demande,"Dakar, Sénégal",https://images.coinafrique.com/thumb_5002636_uploaded_image1_1729418520.jpg
Ensemble pour enfant 0ans jusqua 15ans,6 000,"Colobane, Dakar, Sénégal",https://images.coinafrique.com/thumb_4957241_uploaded_image1_1727083231.jpg
Jeans enfants,Prix sur demande,"Grand Yoff, Dakar, Sénégal",https://images.coinafrique.com/thumb_4991997_uploaded_image1_1728856374.jpg
Pantalon enfants,6 000,"Dakar Plateau, Dakar, Sénégal",https://images.coinafrique.com/thumb_4945928_uploaded_image1_1726439169.jpg
Vetement enfants,Prix sur demande,"Dakar Plateau, Dakar, Sénégal",https://images.coinafrique.com/thumb_4931868_uploaded_image1_1725656850.jpg
Veste Jacadi,12 000,"Almadies, Dakar, Sénégal",https://images.coinafrique.com/thumb_4931211_uploaded_image1_1725627889.jpg
Veste Softshell,14 000,"Almadies, Dakar, Sénégal",https://images.coinafrique.com/thumb_4931208_uploaded_image1_1725627705.jpg
Peignoirs enfants,Prix sur demande,"Dakar Plateau, Dakar, Sénégal",https://images.coinafrique.com/thumb_4866825_uploaded_image1_1722295875.jpg
Serviette de bain pour bébé,4 000,"Dakar Plateau, Dakar, Sénégal",https://images.coinafrique.com/thumb_4861240_uploaded_image1_1721949203.jpg
Grenouillère bébé de 0- 24 mois,1 500,"Point E, Dakar, Sénégal",https://images.coinafrique.com/thumb_4877415_uploaded_image1_1722816062.jpg
Body pour bébé de 0-24mois,750,"Point E, Dakar, Sénégal",https://images.coinafrique.com/thumb_4877371_uploaded_image1_1722813872.jpg
Robe pour fille,4 500,"Medina, Dakar, Sénégal",https://images.coinafrique.com/thumb_4886076_uploaded_image1_1723220872.jpg
Robe fille,22 800,"Medina, Dakar, Sénégal",https://images.coinafrique.com/thumb_4885783_uploaded_image1_1723209095.jpg
Vêtements de garçon,2 500,"Medina, Dakar, Sénégal",https://images.coinafrique.com/thumb_4885328_uploaded_image1_1723192813.jpg
Ensemble pour garçon,4 500,"Medina, Dakar, Sénégal",https://images.coinafrique.com/thumb_4885315_uploaded_image1_1723192524.jpg
Pyjama enfant en coton,2 000,"Sicap Liberté, Dakar, Sénégal",https://images.coinafrique.com/thumb_4882618_uploaded_image1_1723046965.jpg
Cuissards,210,"Medina, Dakar, Sénégal",https://images.coinafrique.com/thumb_4881948_uploaded_image1_1723028512.jpg
Slips pour enfants,7 500,"Colobane, Dakar, Sénégal",https://images.coinafrique.com/thumb_4811384_uploaded_image1_1719393861.jpg
Robe princesse,17 500,"HLM, Dakar, Sénégal",https://images.coinafrique.com/thumb_4804290_uploaded_image1_1718982555.jpg
Robes princesse,17 500,"HLM, Dakar, Sénégal",https://images.coinafrique.com/thumb_4804282_uploaded_image1_1718982396.jpg
Ensemble 3  pièces,15 000,"HLM, Dakar, Sénégal",https://images.coinafrique.com/thumb_4788092_uploaded_image1_1717977175.jpg
Robe brodé,10 000,"HLM, Dakar, Sénégal",https://images.coinafrique.com/thumb_4787486_uploaded_image1_1717947693.jpg
Couverture bébé,4 000,"Dakar, Sénégal",https://images.coinafrique.com/thumb_4782346_uploaded_image1_1717666928.jpg
Ensemble enfant,9 000,"Dakar Plateau, Dakar, Sénégal",https://images.coinafrique.com/thumb_4773123_uploaded_image1_1717195531.jpg
Robe anniversaire ou cérémonie ,15 000,"HLM, Dakar, Sénégal",https://images.coinafrique.com/thumb_4775997_uploaded_image1_1717372054.jpg
Robe pour anniversaire ou cérémonie,15 000,"HLM, Dakar, Sénégal",https://images.coinafrique.com/thumb_4775993_uploaded_image1_1717371915.jpg
Ensemble 5 pieces,6 000,"HLM, Dakar, Sénégal",https://images.coinafrique.com/thumb_4775968_uploaded_image1_1717370720.jpg
Grenouillère 0 - 9 mois ,5 000,"HLM, Dakar, Sénégal",https://images.coinafrique.com/thumb_4775960_uploaded_image1_1717370364.jpg
Ensemble bas large fille 10 - 14 ans,12 000,"HLM, Dakar, Sénégal",https://images.coinafrique.com/thumb_4775932_uploaded_image1_1717369632.jpg
Ensemble coton fille,5 000,"HLM, Dakar, Sénégal",https://images.coinafrique.com/thumb_4775892_uploaded_image1_1717367975.jpg
Robe brodé ,15 000,"HLM, Dakar, Sénégal",https://images.coinafrique.com/thumb_4775889_uploaded_image1_1717367795.jpg
Robe en coton 9 - 24 mois,5 000,"HLM, Dakar, Sénégal",https://images.coinafrique.com/thumb_4775887_uploaded_image1_1717367631.jpg
Robe coton fille 2 - 5 ans,6 000,"HLM, Dakar, Sénégal",https://images.coinafrique.com/thumb_4775884_uploaded_image1_1717367280.jpg
Robes brodé,10 000,"HLM, Dakar, Sénégal",https://images.coinafrique.com/thumb_4775869_uploaded_image1_1717366678.jpg
Ensemble bas,5 000,"HLM, Dakar, Sénégal",https://images.coinafrique.com/thumb_4775865_uploaded_image1_1717366540.jpg
Ensemble bas,5 000,"HLM, Dakar, Sénégal",https://images.coinafrique.com/thumb_4775846_uploaded_image2_1717365985.jpeg
Robe enfant,Prix sur demande,"Dakar, Sénégal",https://images.coinafrique.com/thumb_4783648_uploaded_image1_1717719693.jpg
Vêtement enfant,5 000,"Colobane, Dakar, Sénégal",https://images.coinafrique.com/thumb_4730553_uploaded_image1_1715080309.jpg
Vêtements enfant,8 000,"HLM, Dakar, Sénégal",https://images.coinafrique.com/thumb_4770789_uploaded_image1_1717088821.jpg
Slip enfant,2 500,"Mermoz-Sacré Coeur, Dakar, Sénégal",https://images.coinafrique.com/thumb_4766856_uploaded_image1_1716912176.jpg
Vêtements enfant,Prix sur demande,"Colobane, Dakar, Sénégal",https://images.coinafrique.com/thumb_4750299_uploaded_image1_1716034798.jpg
Vêtements enfant ,Prix sur demande,"Dakar, Sénégal",https://images.coinafrique.com/thumb_4743643_uploaded_image1_1715718710.jpg
Djellaba enfant ,12 000,"Colobane, Dakar, Sénégal",https://images.coinafrique.com/thumb_4683616_uploaded_image1_1712666779.jpg
Djellaba enfants,15 000,"Cambérène, Dakar, Sénégal",https://images.coinafrique.com/thumb_4682806_uploaded_image1_1712615672.jpg
Djellaba enfants,10 000,"Cambérène, Dakar, Sénégal",https://images.coinafrique.com/thumb_4682804_uploaded_image1_1712615617.jpg
Djellaba enfants,12 500,"Cambérène, Dakar, Sénégal",https://images.coinafrique.com/thumb_4682799_uploaded_image1_1712615352.jpg
Ensemble 3 pièces enfants ,10 000,"Colobane, Dakar, Sénégal",https://images.coinafrique.com/thumb_4669732_uploaded_image1_1711987098.jpg
Vêtements enfants ,6 000,"Colobane, Dakar, Sénégal",https://images.coinafrique.com/thumb_4669723_uploaded_image1_1711986941.jpg
Slips pour enfants 2 - 8 ans,6 000,"Colobane, Dakar, Sénégal",https://images.coinafrique.com/thumb_4668016_uploaded_image1_1711892538.jpg
Vetement  enfants,10 000,"Colobane, Dakar, Sénégal",https://images.coinafrique.com/thumb_4667484_uploaded_image1_1711840999.jpg
Robe enfant,6 000,"Cambérène, Dakar, Sénégal",https://images.coinafrique.com/thumb_4666224_uploaded_image1_1711745782.jpg
Ensemble petit garçon ,9 000,"Dakar, Sénégal",https://images.coinafrique.com/thumb_4709506_uploaded_image1_1713995931.jpg
Ensemble crop top,12 000,"Dakar, Sénégal",https://images.coinafrique.com/thumb_4709483_uploaded_image1_1713995121.jpg
Ensemble maillot de bain ,9 000,"Dakar, Sénégal",https://images.coinafrique.com/thumb_4709459_uploaded_image1_1713994419.jpg
Robes enfants ,10 000,"Grand Yoff, Dakar, Sénégal",https://images.coinafrique.com/thumb_4667155_uploaded_image1_1711816360.jpg
Robes en basin enfants,10 000,"Grand Yoff, Dakar, Sénégal",https://images.coinafrique.com/thumb_4667140_uploaded_image1_1711815203.jpg
Robes basine et brodé enfant,10 000,"Grand Yoff, Dakar, Sénégal",https://images.coinafrique.com/thumb_4667139_uploaded_image1_1711815054.jpg
Robes enfant basin et brodé,10 000,"Grand Yoff, Dakar, Sénégal",https://images.coinafrique.com/thumb_4667136_uploaded_image1_1711814665.jpg
Vêtements enfants,7 000,"Colobane, Dakar, Sénégal",https://images.coinafrique.com/thumb_4659704_uploaded_image1_1711412034.jpg
Ensemble robe enfants ,5 000,"Colobane, Dakar, Sénégal",https://images.coinafrique.com/thumb_4659695_uploaded_image1_1711411505.jpg
Vêtements enfants,5 000,"Colobane, Dakar, Sénégal",https://images.coinafrique.com/thumb_4659699_uploaded_image1_1711411751.jpg
Ensemble pour enfants,5 000,"Colobane, Dakar, Sénégal",https://images.coinafrique.com/thumb_4659694_uploaded_image1_1711411367.jpg
Pantalons enfant ,6 000,"Colobane, Dakar, Sénégal",https://images.coinafrique.com/thumb_4659691_uploaded_image1_1711411286.jpg
Robe Turquie  enfants ,7 000,"Colobane, Dakar, Sénégal",https://images.coinafrique.com/thumb_4653806_uploaded_image1_1711066086.jpg
Djellaba enfant ,6 000,"Colobane, Dakar, Sénégal",https://images.coinafrique.com/thumb_4651640_uploaded_image1_1710950622.jpg
Ensemble 3 pièces  enfants,20 000,"Colobane, Dakar, Sénégal",https://images.coinafrique.com/thumb_4651598_uploaded_image1_1710949536.jpg
Vetements enfant,10 000,"Colobane, Dakar, Sénégal",https://images.coinafrique.com/thumb_4645364_uploaded_image1_1710623336.jpg
Djellaba enfant ,13 000,"Colobane, Dakar, Sénégal",https://images.coinafrique.com/thumb_4645145_uploaded_image1_1710608095.jpg
Ensemble  enfants,13 000,"Colobane, Dakar, Sénégal",https://images.coinafrique.com/thumb_4643810_uploaded_image1_1710528700.jpg
Robe enfant,5 000,"Parcelle Assainies, Dakar, Sénégal",https://images.coinafrique.com/thumb_4686601_uploaded_image1_1712843423.jpg
Robe enfant,4 000,"Parcelle Assainies, Dakar, Sénégal",https://images.coinafrique.com/thumb_4686597_uploaded_image1_1712843301.jpg
Vêtements enfants,3 000,"Parcelle Assainies, Dakar, Sénégal",https://images.coinafrique.com/thumb_4686588_uploaded_image1_1712843043.jpg
Vêtements enfants,1 700,"Parcelle Assainies, Dakar, Sénégal",https://images.coinafrique.com/thumb_4686576_uploaded_image1_1712842903.jpg
Vêtements enfants,1 500,"Parcelle Assainies, Dakar, Sénégal",https://images.coinafrique.com/thumb_4686563_uploaded_image1_1712842706.jpg
Djellaba enfant ,18 000,"Colobane, Dakar, Sénégal",https://images.coinafrique.com/thumb_4639600_uploaded_image1_1710311876.jpg
Djellaba enfant,15 000,"Colobane, Dakar, Sénégal",https://images.coinafrique.com/thumb_4639590_uploaded_image1_1710311581.jpg
Vêtements enfant,9 500,"Dakar, Sénégal",https://images.coinafrique.com/thumb_4677506_uploaded_image1_1712318751.jpg
Djellaba enfants,20 000,"Dieuppeul-Derklé, Dakar, Sénégal",https://images.coinafrique.com/thumb_4676613_uploaded_image1_1712271072.jpg
Silip enfants ,2 500,"Mermoz-Sacré Coeur, Dakar, Sénégal",https://images.coinafrique.com/thumb_4672209_uploaded_image1_1712088527.jpg
Pack Jelleba pour enfant,15 000,"Mbao, Dakar, Sénégal",https://images.coinafrique.com/thumb_4655936_uploaded_image1_1711198926.jpg
Djellaba enfant ,5 000,"Colobane, Dakar, Sénégal",https://images.coinafrique.com/thumb_4608935_uploaded_image1_1708714886.jpg
Robe femme,15 000,"Parcelle Assainies, Dakar, Sénégal",https://images.coinafrique.com/thumb_4652500_uploaded_image1_1711013502.jpg
Robe fille,15 000,"Medina, Dakar, Sénégal",https://images.coinafrique.com/thumb_4651732_uploaded_image1_1710953991.jpg
Djellaba enfants,12 000,"Colobane, Dakar, Sénégal",https://images.coinafrique.com/thumb_4600870_uploaded_image1_1708347775.jpg
Djellaba enfants,12 000,"Colobane, Dakar, Sénégal",https://images.coinafrique.com/thumb_4600864_uploaded_image1_1708347454.jpg
Djellaba enfants,12 000,"Colobane, Dakar, Sénégal",https://images.coinafrique.com/thumb_4600865_uploaded_image1_1708347569.jpg
Djellaba enfants,12 000,"Colobane, Dakar, Sénégal",https://images.coinafrique.com/thumb_4600868_uploaded_image1_1708347690.jpg
Vêtements bébé,Prix sur demande,"Dakar, Sénégal",https://images.coinafrique.com/thumb_4624772_uploaded_image2_1709562313.jpeg
Grenouillère,Prix sur demande,"Dakar, Sénégal",https://images.coinafrique.com/thumb_4623255_uploaded_image2_1709484828.jpeg
Tenue anniversaire enfant ,Prix sur demande,"Dakar, Sénégal",https://images.coinafrique.com/thumb_4623058_uploaded_image1_1709473724.jpg
Robes enfant ,15 000,"Medina, Dakar, Sénégal",https://images.coinafrique.com/thumb_4623032_uploaded_image1_1709472242.jpg
Vêtements enfant,Prix sur demande,"Colobane, Dakar, Sénégal",https://images.coinafrique.com/thumb_4615109_uploaded_image1_1709070529.jpg
Ensemble filles ,5 000,"Sicap Liberté, Dakar, Sénégal",https://images.coinafrique.com/thumb_4615094_uploaded_image1_1709070182.jpg
Coffret naissance,15 000,"Sipres, Dakar, Sénégal",https://images.coinafrique.com/thumb_4608080_uploaded_image1_1708687411.jpg
Robe enfant ,9 000,"Dieuppeul-Derklé, Dakar, Sénégal",https://images.coinafrique.com/thumb_4607426_uploaded_image1_1708642698.jpg
Grenouillère,3 500,"Dieuppeul-Derklé, Dakar, Sénégal",https://images.coinafrique.com/thumb_4606506_uploaded_image1_1708607013.jpg
Pantalon friperie enfants,3 000,"Colobane, Dakar, Sénégal",https://images.coinafrique.com/thumb_4604387_uploaded_image1_1708513793.jpg
Pantalon friperie enfants,3 000,"Colobane, Dakar, Sénégal",https://images.coinafrique.com/thumb_4604385_uploaded_image1_1708513782.jpg
Pantalon friperie enfants ,3 000,"Colobane, Dakar, Sénégal",https://images.coinafrique.com/thumb_4604379_uploaded_image1_1708513648.jpg
Pantalon enfant friperie,3 000,"Colobane, Dakar, Sénégal",https://images.coinafrique.com/thumb_4604378_uploaded_image1_1708513583.jpg
Blouson enfants,8 500,"Colobane, Dakar, Sénégal",https://images.coinafrique.com/thumb_4556181_uploaded_image1_1705852562.jpg
Robe bébé 0 - 9 mois,2 000,"Thies, Sénégal",https://images.coinafrique.com/thumb_4588746_uploaded_image1_1707650951.jpg
Vêtements pour bébé,500,"Sicap Liberté, Dakar, Sénégal",https://images.coinafrique.com/thumb_4585357_uploaded_image1_1707428281.jpg
Ensemble blouson pour fille ,4 000,"Thies, Sénégal",https://images.coinafrique.com/thumb_4577293_uploaded_image1_1707012822.jpg
Vêtement enfant ,8 500,"Keur Massar, Sénégal",https://images.coinafrique.com/thumb_4571573_uploaded_image1_1706729137.jpg
Vêtement enfant ,8 500,"Keur Massar, Sénégal",https://images.coinafrique.com/thumb_4571570_uploaded_image1_1706729054.jpg
Vêtement enfant ,10 000,"Keur Massar, Sénégal",https://images.coinafrique.com/thumb_4571564_uploaded_image1_1706728937.jpg
Vetements  enfants ,8 000,"Colobane, Dakar, Sénégal",https://images.coinafrique.com/thumb_4519620_uploaded_image1_1703885107.jpg
Ensemble enfant ,6 000,"Dakar Plateau, Dakar, Sénégal",https://images.coinafrique.com/thumb_4512928_uploaded_image1_1703449636.jpg
Vetement enfants ,8 000,"Colobane, Dakar, Sénégal",https://images.coinafrique.com/thumb_4510412_uploaded_image1_1703252917.jpg
Vêtements enfants,8 000,"Colobane, Dakar, Sénégal",https://images.coinafrique.com/thumb_4510416_uploaded_image1_1703253068.jpg
Blouson pour enfant 4 - 15 ans,8 000,"Colobane, Dakar, Sénégal",https://images.coinafrique.com/thumb_4505009_uploaded_image1_1702930372.jpg
Ensemble blouson pour fille ,5 500,"Thies, Sénégal",https://images.coinafrique.com/thumb_4538922_uploaded_image1_1704933290.jpg
Blouson pour fille ,6 000,"Almadies, Dakar, Sénégal",https://images.coinafrique.com/thumb_4527014_uploaded_image1_1704375688.jpg
Pull enfant avec capuche,5 000,"Thies, Sénégal",https://images.coinafrique.com/thumb_4522850_uploaded_image1_1704190687.jpg
Pull pour enfant,5 000,"Thies, Sénégal",https://images.coinafrique.com/thumb_4522837_uploaded_image1_1704190481.jpg
Friperie enfants,Prix sur demande,"Colobane, Dakar, Sénégal",https://images.coinafrique.com/thumb_4517974_uploaded_image2_1703783715.jpeg
Friperie enfants,Prix sur demande,"Colobane, Dakar, Sénégal",https://images.coinafrique.com/thumb_4516547_uploaded_image1_1703706216.jpg
Friperie enfants,Prix sur demande,"Colobane, Dakar, Sénégal",https://images.coinafrique.com/thumb_4513354_uploaded_image3_1703506745.jpeg
Blouson enfant,5 000,"Yoff, Dakar, Sénégal",https://images.coinafrique.com/thumb_4511874_uploaded_image1_1703350100.jpg
Blouson enfant,5 500,"Yoff, Dakar, Sénégal",https://images.coinafrique.com/thumb_4511870_uploaded_image1_1703349818.jpg
Ensemble enfants 2 - 6ans,8 000,"Colobane, Dakar, Sénégal",https://images.coinafrique.com/thumb_4464056_uploaded_image1_1700401019.jpg
Ensemble enfant ,Prix sur demande,"Dakar Plateau, Dakar, Sénégal",https://images.coinafrique.com/thumb_4455065_uploaded_image1_1699814184.jpg
Ensemble veste pour enfant,23 000,"Dakar, Sénégal",https://images.coinafrique.com/thumb_4479762_uploaded_image1_1701402947.jpg
Slips enfants,7 000,"Mermoz-Sacré Coeur, Dakar, Sénégal",https://images.coinafrique.com/thumb_4467057_uploaded_image1_1700591564.jpg
Polos  Lacoste enfants ,4 500,"Dakar Plateau, Dakar, Sénégal",https://images.coinafrique.com/thumb_4394815_uploaded_image1_1695942580.jpg
Vêtement enfant,4 500,"Dakar Plateau, Dakar, Sénégal",https://images.coinafrique.com/thumb_4394813_uploaded_image1_1695942485.jpg
Jeans  pour enfants,6 000,"Colobane, Dakar, Sénégal",https://images.coinafrique.com/thumb_4397937_uploaded_image1_1696183097.jpg
Robe enfant,15 000,"Dakar, Sénégal",https://images.coinafrique.com/thumb_4430601_uploaded_image1_1698283193.jpg
Robe de prière enfant,2 500,"Dakar, Sénégal",https://images.coinafrique.com/thumb_4421455_uploaded_image1_1697627353.jpg
Bambinerie enfant,Prix sur demande,"Mermoz-Sacré Coeur, Dakar, Sénégal",https://images.coinafrique.com/thumb_4416818_uploaded_image3_1697296868.jpeg
Pantalon pour enfants ,2 500,"Dakar, Sénégal",https://images.coinafrique.com/thumb_4405127_uploaded_image1_1696582094.jpg
Vêtements enfants ,1 000,"Almadies, Dakar, Sénégal",https://images.coinafrique.com/thumb_4061042_uploaded_image1_1674420399.jpg
Fliperies enfants,500,"Almadies, Dakar, Sénégal",https://images.coinafrique.com/thumb_4061027_uploaded_image1_1674419234.jpg
 Ensemble enfants,3 000,"Thies, Sénégal",https://images.coinafrique.com/thumb_4054351_uploaded_image1_1673991497.jpg
Ensemble enfant,8 000,"Dakar Plateau, Dakar, Sénégal",https://images.coinafrique.com/thumb_4011467_uploaded_image1_1671194364.jpg
Ensemble enfant,Prix sur demande,"Dakar Plateau, Dakar, Sénégal",https://images.coinafrique.com/thumb_4010007_uploaded_image1_1671112400.jpg
Blouson enfant,Prix sur demande,"Colobane, Dakar, Sénégal",https://images.coinafrique.com/thumb_3997872_uploaded_image1_1670412272.jpg
Blouson enfant,Prix sur demande,"Colobane, Dakar, Sénégal",https://images.coinafrique.com/thumb_3996986_uploaded_image1_1670352146.jpg
Ensemble enfants ,8 000,"Dakar Plateau, Dakar, Sénégal",https://images.coinafrique.com/thumb_3993222_uploaded_image1_1670158523.jpg
Ensemble enfants ,8 000,"Dakar Plateau, Dakar, Sénégal",https://images.coinafrique.com/thumb_3992649_uploaded_image1_1670106947.jpg
T-shirts enfants,Prix sur demande,"Dakar Plateau, Dakar, Sénégal",https://images.coinafrique.com/thumb_3985573_uploaded_image1_1669758455.jpg
Ensemble enfant,7 000,"Dakar Plateau, Dakar, Sénégal",https://images.coinafrique.com/thumb_3980382_uploaded_image1_1669402241.jpg
Ensemble velours enfant ,7 500,"Colobane, Dakar, Sénégal",https://images.coinafrique.com/thumb_3981018_uploaded_image1_1669456009.jpg
Ensemble en velours,7 500,"Colobane, Dakar, Sénégal",https://images.coinafrique.com/thumb_3980114_uploaded_image1_1669389815.jpg
Habits enfants,3 000,"Bambey, Sénégal",https://images.coinafrique.com/thumb_4010206_uploaded_image1_1671121329.jpg
Ensemble enfant,8 000,"Dakar Plateau, Dakar, Sénégal",https://images.coinafrique.com/thumb_3963440_uploaded_image1_1668361934.jpg
Ensemble enfant ,8 000,"Dakar Plateau, Dakar, Sénégal",https://images.coinafrique.com/thumb_3963439_uploaded_image1_1668361869.jpg
Ensemble enfant friperie,1 000,"Colobane, Dakar, Sénégal",https://images.coinafrique.com/thumb_4000087_uploaded_image1_1670513612.jpg
Pull enfant friperie,Prix sur demande,"Colobane, Dakar, Sénégal",https://images.coinafrique.com/thumb_4000076_uploaded_image2_1670513327.jpeg
Maillots Sénégal enfants,10 000,"Dieuppeul-Derklé, Dakar, Sénégal",https://images.coinafrique.com/thumb_3991237_uploaded_image1_1670029654.jpg
Ensemble Robe enfants,28 000,"Dakar, Sénégal",https://images.coinafrique.com/thumb_3990865_uploaded_image1_1670005692.jpg
Costume garçon,27 000,"Dakar, Sénégal",https://images.coinafrique.com/thumb_3990863_uploaded_image1_1670005513.jpg
Costume garçon,28 000,"Dakar, Sénégal",https://images.coinafrique.com/thumb_3990860_uploaded_image1_1670005358.jpg
Vêtements enfant,Prix sur demande,"Guediawaye, Dakar, Sénégal",https://images.coinafrique.com/thumb_3981315_uploaded_image1_1669469071.jpg
Vêtements Enfant,Prix sur demande,"Dakar, Sénégal",https://images.coinafrique.com/thumb_3933191_uploaded_image1_1666560773.jpg
Vêtements friperies  enfant,Prix sur demande,"Colobane, Dakar, Sénégal",https://images.coinafrique.com/thumb_3968398_uploaded_image1_1668639636.jpg
Maillots Sénégal enfant,10 000,"Dieuppeul-Derklé, Dakar, Sénégal",https://images.coinafrique.com/thumb_3954905_uploaded_image1_1667839511.jpg
Ensemble enfants ,8 500,"Dakar, Sénégal",https://images.coinafrique.com/thumb_3913283_uploaded_image1_1665352048.jpg
Vêtements enfants ,Prix sur demande,"Dakar, Sénégal",https://images.coinafrique.com/thumb_3913279_uploaded_image1_1665351880.jpg
Ensembles pull  enfants,4 000,"Cambérène, Dakar, Sénégal",https://images.coinafrique.com/thumb_3941399_uploaded_image1_1667092572.jpg
Polo pour enfants ,8 500,"Dakar, Sénégal",https://images.coinafrique.com/thumb_3883008_uploaded_image1_1663536149.jpg
Robes  enfant,9 000,"Medina, Dakar, Sénégal",https://images.coinafrique.com/thumb_3919617_uploaded_image1_1665702485.jpg
Vêtements enfant,10 000,"Medina, Dakar, Sénégal",https://images.coinafrique.com/thumb_3919579_uploaded_image1_1665700272.jpg
Grenouillères,2 000,"Medina, Dakar, Sénégal",https://images.coinafrique.com/thumb_3919556_uploaded_image2_1665704351.jpeg
Polos enfants,5 000,"Dakar, Sénégal",https://images.coinafrique.com/thumb_3913936_uploaded_image1_1665405195.jpg
Grenouillère,7 500,"Dakar, Sénégal",https://images.coinafrique.com/thumb_3913465_uploaded_image3_1665377950.jpeg
Coffret nouveaux née,10 000,"Dakar, Sénégal",https://images.coinafrique.com/thumb_3913427_uploaded_image1_1665364741.jpg
Ensemble Robe Turquie ,11 000,"Dakar, Sénégal",https://images.coinafrique.com/thumb_3913424_uploaded_image1_1665364359.jpg
Peignoir bébé,9 000,"HLM, Dakar, Sénégal",https://images.coinafrique.com/thumb_3861861_uploaded_image1_1662248159.jpg
Ensembles enfants,7 000,"Parcelle Assainies, Dakar, Sénégal",https://images.coinafrique.com/thumb_3899030_uploaded_image1_1664501471.jpg
Ensemble enfants,6 500,"Parcelle Assainies, Dakar, Sénégal",https://images.coinafrique.com/thumb_3899029_uploaded_image1_1664501377.jpg
Accessoires et vetements bébé ,Prix sur demande,"HLM, Dakar, Sénégal",https://images.coinafrique.com/thumb_3858243_uploaded_image1_1662081635.jpg
Ensemble  3 pièces enfants,16 000,"Dakar, Sénégal",https://images.coinafrique.com/thumb_3895855_uploaded_image1_1664312610.jpg
Barboteuse,6 000,"Dakar, Sénégal",https://images.coinafrique.com/thumb_3874861_uploaded_image1_1662992831.jpg
Pantalon,5 000,"Dakar, Sénégal",https://images.coinafrique.com/thumb_3874843_uploaded_image1_1662992214.jpg
Vêtements enfant,16 000,"Dakar, Sénégal",https://images.coinafrique.com/thumb_3886071_uploaded_image2_1663709027.jpeg
Ensemble enfants,Prix sur demande,"Dakar, Sénégal",https://images.coinafrique.com/thumb_3836735_uploaded_image1_1660867040.jpg
Ensemble enfants,5 000,"Dakar, Sénégal",https://images.coinafrique.com/thumb_3829807_uploaded_image1_1660481871.jpg
Ensemble enfants,5 500,"Dakar, Sénégal",https://images.coinafrique.com/thumb_3826455_uploaded_image1_1660258744.jpg
Vêtements bébé fille,3 000,"Keur Massar, Sénégal",https://images.coinafrique.com/thumb_3871259_uploaded_image1_1662747991.jpg
Vêtements bébé,3 000,"Keur Massar, Sénégal",https://images.coinafrique.com/thumb_3871253_uploaded_image1_1662747853.jpg
Vêtements enfant,5 500,"Dakar, Sénégal",https://images.coinafrique.com/thumb_3818666_uploaded_image1_1659825338.jpg
Costumes héros,Prix sur demande,"Almadies, Dakar, Sénégal",https://images.coinafrique.com/thumb_3862904_uploaded_image1_1662326635.jpg
Robe d’anniversaire fille ,10 000,"Dakar Plateau, Dakar, Sénégal",https://images.coinafrique.com/thumb_3853493_uploaded_image1_1661883220.jpg
Robe d’anniversaire fille,7 000,"Dakar Plateau, Dakar, Sénégal",https://images.coinafrique.com/thumb_3853488_uploaded_image1_1661883039.jpg
Ensemble bandeaux chaussettes,1 500,"Dakar, Sénégal",https://images.coinafrique.com/thumb_3813301_uploaded_image1_1659543149.jpg
Barboteuse,5 000,"Dakar, Sénégal",https://images.coinafrique.com/thumb_3813274_uploaded_image1_1659542533.jpg
Boubou bazin riche,Prix sur demande,"Mermoz-Sacré Coeur, Dakar, Sénégal",https://images.coinafrique.com/thumb_3808232_uploaded_image1_1659347593.jpg
Dessous enfants,Prix sur demande,"Mermoz-Sacré Coeur, Dakar, Sénégal",https://images.coinafrique.com/thumb_3848809_uploaded_image1_1661581124.jpg
Vêtements bébé,3 000,"HLM, Dakar, Sénégal",https://images.coinafrique.com/thumb_3841152_uploaded_image1_1661173639.jpg
Vêtements bébé,6 000,"HLM, Dakar, Sénégal",https://images.coinafrique.com/thumb_3841108_uploaded_image1_1661172378.jpg
Vêtements enfants,Prix sur demande,"Guediawaye, Dakar, Sénégal",https://images.coinafrique.com/thumb_3831624_uploaded_image1_1660600357.jpg
Habits enfants,3 000,"Dakar, Sénégal",https://images.coinafrique.com/thumb_3785558_uploaded_image1_1657883008.jpg
Robe petite fille,8 000,"Dakar, Sénégal",https://images.coinafrique.com/thumb_3785563_uploaded_image1_1657883218.jpg
Jeans enfants ,8 000,"Dakar, Sénégal",https://images.coinafrique.com/thumb_3785562_uploaded_image1_1657883147.jpg
Vêtements enfants,8 000,"Dakar, Sénégal",https://images.coinafrique.com/thumb_3785559_uploaded_image1_1657883070.jpg
Habits enfants,7 000,"Dakar, Sénégal",https://images.coinafrique.com/thumb_3785557_uploaded_image1_1657882962.jpg
Robe d'été enfants ,2 000,"Dakar, Sénégal",https://images.coinafrique.com/thumb_3825327_uploaded_image1_1660216212.jpg
Ensembles enfants,Prix sur demande,"Dakar, Sénégal",https://images.coinafrique.com/thumb_3778201_uploaded_image1_1657304423.jpg
Ensemble enfants,Prix sur demande,"Dakar, Sénégal",https://images.coinafrique.com/thumb_3775607_uploaded_image1_1657150534.jpg
Vêtement enfant ,Prix sur demande,"Mermoz-Sacré Coeur, Dakar, Sénégal",https://images.coinafrique.com/thumb_3799617_uploaded_image1_1658807678.jpg
Costume garçon  - 4 pièces ,27 000,"Dakar, Sénégal",https://images.coinafrique.com/thumb_3795696_uploaded_image1_1658520434.jpg
Maillots Sénégal  enfant ,10 000,"Dieuppeul-Derklé, Dakar, Sénégal",https://images.coinafrique.com/thumb_3794471_uploaded_image1_1658452420.jpg
Protège-tête,Prix sur demande,"Patte d'oie, Dakar, Sénégal",https://images.coinafrique.com/thumb_3794079_uploaded_image1_1658423773.jpg
Robe enfant,8 000,"Dakar, Sénégal",https://images.coinafrique.com/thumb_3754887_uploaded_image1_1655981354.jpg
Robe enfant,7 000,"Dakar, Sénégal",https://images.coinafrique.com/thumb_3754885_uploaded_image1_1655981294.jpg
Robe enfant,8 000,"Dakar, Sénégal",https://images.coinafrique.com/thumb_3754884_uploaded_image1_1655981242.jpg
Robe enfant,8 000,"Dakar, Sénégal",https://images.coinafrique.com/thumb_3754882_uploaded_image1_1655981151.jpg
Vêtement enfant,5 000,"Dakar, Sénégal",https://images.coinafrique.com/thumb_3753646_uploaded_image1_1655912715.jpg
Robes enfant,12 000,"Dakar, Sénégal",https://images.coinafrique.com/thumb_3753641_uploaded_image1_1655912626.jpg
Ensemble bébé,4 000,"HLM, Dakar, Sénégal",https://images.coinafrique.com/thumb_3768719_uploaded_image1_1656779104.jpg
Vêtement enfant,Prix sur demande,"Mermoz-Sacré Coeur, Dakar, Sénégal",https://images.coinafrique.com/thumb_3786149_uploaded_image1_1657906956.jpg
Peignoirs enfants,8 000,"Dakar Plateau, Dakar, Sénégal",https://images.coinafrique.com/thumb_3781038_uploaded_image1_1657571200.jpg
Robes enfants,Prix sur demande,"Mermoz-Sacré Coeur, Dakar, Sénégal",https://images.coinafrique.com/thumb_3778481_uploaded_image1_1657328456.jpg
Ensemble peignoir pour enfants,10 000,"Dakar, Sénégal",https://images.coinafrique.com/thumb_3735826_uploaded_image1_1654860349.jpg
